id,CPUUsage,RAMUsage,DownloadSpeed,UploadSpeed,Temperature,Humidity,Class
1,19.2,62.9,145.4890053,82.24655722,30.00086212,59.10425949,0
2,12.2,62.7,158.1619863,94.83153672,29.81982803,58.98845673,0
3,10.6,62.5,168.463852,94.63507884,29.71120834,59.0667038,0
4,10.8,62.6,159.1630147,94.69342517,29.69310379,59.12303925,0
5,9.7,63.1,163.1341813,95.47991545,29.5120697,59.18250275,0
6,10.2,63,171.0637064,96.65114575,29.47586441,59.37029266,0
7,9.3,63,170.2516241,92.03601057,29.27672577,59.8366394,0
8,11.7,63.5,165.0159208,91.23328731,29.22241592,59.93679428,0
9,13.9,63.4,155.7619989,97.50781447,29.22241592,60.11519623,0
10,13.7,63.3,125.1302882,97.28378914,29.16810417,60.21534729,0
11,14.2,63.6,162.5949646,94.92819105,29.16810417,59.9493103,0
12,12.3,63.9,139.2848212,105.8675231,29.31293106,59.95870209,0
13,22,65.7,157.1074869,90.63108897,29.85603523,58.7036438,0
14,18.9,66.1,152.8178115,92.42169213,29.81982803,58.88830185,0
15,27.9,67.5,133.0116542,98.58543163,29.98275948,58.70677185,0
16,20.6,68.5,126.2635835,102.4274389,29.91034698,58.6566925,0
17,31.3,71,125.1942869,98.23597547,29.92844963,58.64417267,0
18,39.9,75.9,132.4354386,115.1593936,29.91034698,58.82570648,0
19,66.6,83.8,134.2949349,114.6201208,29.6568985,58.50020599,1
20,70.7,84.5,132.2777352,121.0572728,29.74741364,58.7631073,1
21,73.2,85.3,122.6528758,138.3246615,29.78362274,58.3468399,1
22,72.6,86.3,122.4765496,110.7521471,29.72931099,58.4000473,1
23,70.8,83.7,132.4363065,101.4566875,29.78362274,58.57218933,1
24,63,83.9,116.1667425,120.0506822,30.05517387,58.43760681,1
25,77.4,95.9,124.9721026,98.02203873,31.66637993,54.6818161,1
26,91.1,95.7,166.685551,121.8949335,31.68448257,54.83830643,1
27,89.8,96.9,129.8210872,106.0922468,31.55775833,54.81326675,1
28,85.6,95.7,123.1551414,114.4675459,31.57586288,54.65051651,1
29,88.6,95.6,155.5135001,118.3623076,31.48534584,54.81639862,1
30,91.2,95.3,133.8555712,100.6227926,31.50344849,54.49715424,1
31,92.5,95.3,125.5228444,97.46921845,31.48534584,54.431427,1
32,89.8,95.8,136.7767568,124.29777,31.50344849,54.1747818,1
33,91.3,92.4,133.73089,132.9735471,31.52155304,54.46272659,1
34,91.7,92.8,130.9321866,114.6534933,31.50344849,54.28432465,1
35,87.5,93.3,131.2992794,123.8758242,31.48534584,54.28745651,1
36,87.3,88.1,131.5015239,105.7857787,31.53965759,53.87432098,1
37,88.5,85.9,137.7970349,99.11371498,31.59396744,53.8054657,1
38,81.8,86.8,123.8623172,105.9441752,31.55775833,53.90248871,1
39,86.1,87,132.3122947,107.049872,31.50344849,54.02455139,1
40,85.2,87.7,129.9404141,114.4996394,31.59396744,53.89622879,1
41,83.9,86,131.6406632,104.5875233,31.50344849,53.82111359,1
42,83.1,86.7,128.7779805,121.5513242,31.70258713,53.47057343,1
43,62.7,85.3,127.8556645,100.1908895,32.08275986,51.84306335,1
44,60.9,90.6,131.3635584,98.1398102,31.73879433,52.16230392,1
45,78.3,87.3,134.0308354,114.940189,31.75689697,52.23115921,1
46,46.9,87.7,111.9462282,96.38666008,31.75689697,52.28749847,1
47,66.4,91.7,132.2805811,98.38223655,31.81120682,52.30314636,1
48,69,92.5,148.9517942,137.8379951,31.77500153,52.41581726,1
49,71.6,92.9,150.9214337,106.4149884,31.82931137,52.44085693,1
50,65.2,92.6,130.5130255,109.3588049,31.431036,52.60987091,1
51,68,92.4,127.709393,100.0585602,31.48534584,52.46589661,1
52,60.2,93.3,134.1051727,132.3579529,31.431036,51.67404938,1
53,71.3,93.5,133.7068629,120.3291698,31.34051895,52.71002197,1
54,70.3,93.6,135.6388165,98.03060484,31.37672424,52.86651611,1
55,79.7,95.3,94.24565008,97.47272903,31.41293335,52.81330872,1
56,73.5,92.4,135.0381422,99.21412676,32.02845001,51.56137848,1
57,76.2,92.2,115.2588136,99.0068191,32.01034546,51.37046051,1
58,72.4,92.2,133.2515936,99.91699043,32.0646553,51.62084198,1
59,73.4,93,132.4911366,95.36481422,32.0646553,51.48939133,1
60,71.9,92.6,127.2525975,98.7159989,32.10086441,51.5895462,1
61,75.7,93,130.8346943,97.9082852,32.04655457,51.63023376,1
62,73.4,93.2,158.5011753,96.30490022,32.24568939,51.63962555,1
63,71.7,93.4,133.395776,100.2596267,32.26379395,51.83679962,1
64,71.9,94,139.3874506,94.06413756,32.24568939,51.47061157,1
65,72.9,94.1,111.9566882,99.00793871,32.22758865,52.04024124,1
66,72.9,94.2,132.2787722,104.6369594,32.35430908,51.91817474,1
67,70.5,95.1,134.968498,98.62994556,32.2818985,52.17169189,1
68,72.8,95,166.1061721,98.15843066,32.77069092,54.23424911,1
69,76.9,92.9,133.0367919,96.42146173,32.66207123,54.50028229,1
70,73.6,93.8,150.4955506,96.03120671,32.77069092,54.29684448,1
71,77.1,94,150.9254224,97.64502373,32.82500076,54.2279892,1
72,72.7,94.3,160.8040238,98.67021535,32.84310532,54.76631927,1
73,73.8,94.5,172.0854906,96.46530316,32.9879303,54.74441147,1
74,73.5,90.6,112.4058774,83.65333588,33.11465454,54.431427,1
75,54.1,86.3,137.5011532,107.4372569,33.35000229,52.14665222,1
76,66.4,89,129.8866706,109.2356076,33.31379318,52.42520905,1
77,60.1,88.6,132.7907355,115.1459064,33.25948334,51.8993988,1
78,56.6,86.3,130.3432996,110.7204173,33.27758789,51.40175629,1
79,53,85.8,122.8264562,134.5095378,33.31379318,52.04962921,1
80,41.8,87.6,128.6624301,95.69261694,33.22327805,51.79611206,1
81,70,64.4,126.7447004,101.091647,31.73879433,52.86651611,1
82,19.3,66.1,121.2229205,66.36598491,31.77500153,52.38139343,1
83,20.6,70,136.0278567,93.30066661,31.73879433,52.35009384,1
84,10.5,70.3,163.2423999,101.518643,31.68448257,52.61299896,1
85,12,71.7,173.1743788,100.4997435,31.59396744,52.43772888,1
86,13.4,72.1,121.3153546,99.7618795,31.44913864,52.83521652,0
87,9.1,73,131.5115991,98.30764641,30.45344925,54.0996666,0
88,17,74,119.1605225,95.13450851,30.4353447,54.28432465,0
89,9.9,73.9,131.3223198,97.34702393,30.54396629,54.42829895,0
90,9.3,73.9,134.1609464,85.72503584,30.36293221,54.55036163,0
91,9.3,74.2,140.7867005,107.5025725,30.30862045,54.87899399,0
92,11.2,75.5,130.2494024,84.69406213,30.36293221,54.51280212,0
93,15.5,77,126.8940862,94.20579016,30.3991394,54.89464188,0
94,9.3,77.3,129.9366901,93.45223028,30.34482956,55.157547,0
95,10,77.7,95.86838965,87.62753471,30.32672501,55.30464935,0
96,17.8,79.4,124.325583,95.62995875,30.34482956,55.66770935,0
97,10.2,78.9,136.3958082,94.03734954,30.32672501,55.43297577,0
98,16.2,79.3,130.0513896,93.99810854,30.21810532,55.46427155,0
99,11.4,79.2,149.4733458,89.26587713,30.16379547,58.52837372,0
100,8.6,79.2,167.5786221,94.43202097,30.12758636,58.74119949,0
101,9.2,79.2,168.9816518,88.4062043,30.14569092,59.07609177,0
102,9.9,78.9,165.0592715,88.09241761,30.12758636,59.16059875,0
103,13.4,78.8,165.2216446,93.05425049,30.16379547,59.11364746,0
104,10.6,79.2,144.8613361,112.9363054,30.18189621,59.44853973,0
105,9.6,79.4,131.019301,133.1834704,30.72500229,60.42817688,0
106,8.8,79.5,132.506347,126.7076458,30.65258789,60.53771973,0
107,8.6,79.4,131.5481659,131.3160984,30.52586365,60.52833176,0
108,14.5,79.4,131.1672947,132.4840373,30.59827805,60.21221924,0
109,15.6,79.6,131.6715516,97.03689938,30.63448334,60.49390411,0
110,25.2,81.8,129.1037375,81.91244285,30.63448334,60.32176208,1
111,22.7,82.2,88.22809177,81.70394395,30.56206894,60.18405151,1
112,18.2,82.8,122.4129212,94.94220994,30.29051781,59.84289932,1
113,12.8,82.7,132.6384427,95.58411269,30.25431061,60.13084412,1
114,11,82.9,164.6782631,90.40546582,30.25431061,60.22160721,1
115,10.9,82.8,132.0601,91.60718456,30.36293221,60.13084412,1
116,10.4,83.1,156.2200894,91.93893949,30.3991394,60.03694916,1
117,23.7,61.3,128.6739222,87.50655903,30.38103485,60.20595932,0
118,11,61.6,131.0464746,95.79993412,30.20000076,59.31395721,0
119,14,62.3,131.4238743,98.23698964,30.07327652,59.29830933,0
120,13.3,62.6,141.3254202,98.50148576,30.16379547,58.94464111,0
121,11,62.4,157.9079637,94.67774227,30.16379547,59.15120697,0
122,16,62.7,161.7161762,93.59343638,30.12758636,58.95089722,0
123,11.4,63,149.7450678,82.86809069,30.00086212,59.44228363,0
124,13.3,64.2,90.34556901,112.4157699,30.00086212,58.89143372,0
125,20.1,63.9,127.06302,112.1940769,30.12758636,58.93524933,0
126,19.9,65.9,127.2948106,104.2798887,30.14569092,59.09173965,0
127,23.5,65.3,130.7438203,94.52923663,30.16379547,58.75058746,0
128,28.3,67.4,103.7296452,60.72274254,30.27241516,58.80066681,0
129,21,68.6,109.8343797,87.50818058,30.25431061,58.84761429,0
130,16.3,68.1,128.9261778,93.42601513,29.94655228,58.61600494,0
131,15.2,68.6,128.6605831,110.9928276,29.89224243,58.69112396,0
132,24.1,66.2,123.4381002,89.66765586,29.76551819,58.94776917,0
133,21.6,67.1,86.33059457,92.04454426,29.85603523,58.72241974,0
134,19.7,69.4,129.0290371,112.0901494,29.78362274,58.81318665,0
135,12.7,69.1,166.5530465,95.01051786,29.89224243,58.72555161,0
136,17.7,69.5,123.9127459,94.78568842,30.12758636,58.09958649,0
137,22.8,68.8,114.0594393,70.2311257,30.07327652,58.12149429,0
138,26.9,68.9,125.1182642,83.4895282,30.07327652,58.31867218,0
139,16.5,68.6,123.2416748,106.5497537,29.89224243,58.14966202,0
140,13.8,68.4,140.947323,107.7130451,29.87413788,58.19034958,0
141,17.2,69.6,140.3413063,93.6274201,30.01896667,58.36249161,0
142,13.6,69.5,128.8670175,92.2190169,29.63879395,58.61600494,0
143,16.3,70,167.4437595,111.6240179,29.6568985,58.67234421,0
144,20.7,71.5,162.6997216,109.5572002,29.56637955,58.91646957,0
145,11.5,70.6,171.8647507,93.29164426,29.6568985,58.58158112,0
146,11.5,67.6,165.9739677,92.96911685,29.56637955,58.83822632,0
147,23.6,68.6,155.63511,90.67882848,29.53017426,58.45638657,0
148,25.4,69.1,137.6927704,83.93362455,29.92844963,57.76782227,0
149,28.7,70.6,176.9137462,90.27937657,29.80172539,58.05576706,0
150,21.3,71.8,162.3768879,101.9362653,29.78362274,57.80538177,0
151,16.9,70.3,159.4901518,96.58120971,29.72931099,58.18096161,0
152,16.9,71.2,166.0307129,87.41525368,29.78362274,58.02133942,0
153,16.5,71.6,187.0694201,93.13953473,29.6568985,58.09645844,0
154,12.5,71.2,178.2172988,55.09013294,29.56637955,58.4469986,0
155,10.4,71.8,86.13115465,91.04680646,29.5844841,58.20600128,0
156,10.7,71.8,206.7762377,107.2980075,29.5120697,58.14653015,0
157,11,71.9,213.9608051,109.1670317,29.60258675,58.62226868,0
158,8.6,71.7,222.7562238,105.4405121,29.6568985,57.91492462,0
159,11,71.9,218.6087277,101.1937799,29.56637955,58.14653015,0
160,16,72.2,193.8292874,103.6991268,29.60258675,57.71774673,0
161,12.6,71,202.1724781,115.0606888,29.6568985,57.74591446,0
162,17.4,71.3,171.5732533,97.68297384,29.60258675,57.89927673,0
163,13.6,72.1,222.955593,91.5093652,29.5482769,57.7271347,0
164,14.4,72.4,180.7263219,82.69053167,29.60258675,57.93996429,0
165,20.4,73.5,195.302111,92.40158013,29.53017426,58.20912933,0
166,17.8,73.2,206.9398346,79.37983373,29.29482841,58.12462616,0
167,18,73.6,141.5326665,83.35867301,29.27672577,58.14653015,0
168,18.5,74,171.4580378,94.46235496,29.27672577,58.33432007,0
169,18.5,74.3,180.1373436,97.08964672,29.47586441,58.0150795,0
170,9.3,74.5,208.1906731,100.4621669,29.53017426,58.18096161,0
171,10.9,74.5,233.508843,94.59390183,29.69310379,58.14653015,0
172,10,74.7,195.6436223,95.72827167,29.71120834,60.26229858,0
173,11.8,74.6,190.3687014,91.80896327,29.6568985,60.55336761,0
174,14.7,74.7,126.6757061,94.73775635,29.69310379,60.61909485,0
175,12.9,74.8,133.3667163,97.0922825,29.72931099,60.88825989,0
176,16.4,75.2,146.2713753,95.33228578,29.63879395,60.77558899,0
177,12.4,75.3,139.2181333,96.15120827,29.78362274,61.22941208,0
178,11.5,75.5,156.4131779,95.78094688,29.91034698,63.64876556,0
179,19.7,76.2,148.7414284,92.57959211,30.00086212,63.59869385,0
180,13.1,76.2,132.7407538,94.80787261,30.18189621,63.35769653,0
181,13.3,76.4,152.4537939,93.1026891,29.74741364,60.41252899,0
182,11.9,76.7,205.1498958,91.67175236,29.74741364,60.47199249,0
183,13.7,77,118.8068715,89.96052529,29.69310379,60.30924225,0
184,13.9,77.2,121.9256561,89.63106698,29.74741364,60.40000916,0
185,11.2,77.3,134.2561156,95.60098454,29.69310379,60.20595932,0
186,10.5,77.5,151.9156855,81.96744088,29.5844841,60.55336761,0
187,10.8,77.9,169.884434,92.71410288,29.85603523,60.36870956,0
188,12.8,79,131.5653233,98.19346207,30.03707123,60.02755737,0
189,13.4,79.7,129.6549742,106.2976751,29.87413788,61.49857712,0
190,24,85.8,162.5442584,94.20889098,30.00086212,59.94618225,1
191,24.2,80.4,230.2854813,96.67253497,29.96465683,59.78343201,1
192,17,81.4,190.7793183,93.4695216,30.03707123,59.66762924,1
193,20.1,80.1,128.4867588,112.4236393,29.67500114,59.64572144,1
194,10.5,80.2,194.780133,107.5742706,29.62068939,59.63007355,1
195,15.2,80,212.0108198,106.2933617,29.67500114,60.00878143,0
196,10.3,80.1,218.2793306,123.21207,29.69310379,59.32021713,1
197,10.5,80.3,209.2329271,94.66050472,29.60258675,59.6394577,1
198,11.3,81,188.1469226,98.10015441,29.63879395,58.27485657,1
199,10,80.8,186.181046,95.26082381,29.96465683,59.10739136,1
200,23.5,81.5,166.5318529,94.7272252,29.94655228,59.20441437,1
201,11.2,81.7,117.6913012,88.90901407,29.92844963,59.05418396,1
202,12.2,82,188.5163292,90.85246313,29.94655228,58.93212128,1
203,11.7,82.2,210.0766667,123.252136,29.92844963,59.10425949,1
204,10.4,65.1,172.0851802,107.3970665,29.4396553,59.7615242,0
205,12.8,65,216.6277797,92.70588198,29.38534546,59.64884949,0
206,10.7,65.1,130.9014904,49.19919031,29.34914017,59.55182648,0
207,9.4,65.3,174.9118903,95.06009386,29.34914017,59.62068176,0
208,9.1,65.6,168.1621794,95.32976719,29.20431137,59.66449738,0
209,8.9,65.7,166.7748656,95.09534734,29.33103561,59.73022461,0
210,7.8,65.7,130.224163,94.80568278,29.74741364,59.55808258,0
211,10.4,66.1,140.2862236,106.6152564,29.67500114,59.67076111,0
212,9.7,66.4,125.6511099,88.26334489,29.71120834,59.40472412,0
213,10.1,66.2,166.3559216,93.8550643,29.56637955,59.21067429,0
214,10.3,66.5,170.1740678,107.5850654,29.5844841,59.45479965,0
215,9.1,66.6,167.8222653,96.88569658,29.62068939,59.22632217,0
216,8.1,66.9,183.3149325,103.71286,29.31293106,59.89297485,0
217,10.5,66.7,174.6100186,116.0995123,29.40345001,60.18405151,0
218,10.6,66.8,216.8837241,114.422909,29.33103561,60.08389282,0
219,9.5,67.1,217.9329375,101.906195,29.25862122,60.19030762,0
220,10.7,67.4,188.7639778,99.84475697,29.20431137,59.92427444,0
221,11.9,67.1,231.113937,128.4897685,29.29482841,60.05885696,0
222,10.4,67.5,224.9621037,137.4400728,29.5844841,59.15120697,0
223,11.3,67.8,241.5754308,124.38632,29.62068939,59.0729599,0
224,9,67.9,229.4420737,131.1138347,29.5844841,59.13868713,0
225,12.9,68.5,229.5288371,134.4889862,29.5482769,59.09173965,0
226,12.2,68.5,237.5022733,127.9257468,29.53017426,59.19815445,0
227,8.6,68.5,219.3036817,129.1291777,29.53017426,58.88204193,0
228,13.5,68.8,220.615647,133.7904058,29.56637955,59.22632217,0
229,10.2,69,230.8522687,135.1440011,29.20431137,59.62380981,0
230,10.2,69.1,228.328368,135.1392346,29.24051857,59.42037201,0
231,9.3,69.4,221.6414013,134.850759,29.18620682,59.36090469,0
232,12.5,68.7,227.961191,135.5618641,29.24051857,59.42350006,0
233,9.3,68.9,223.0932194,134.5357556,29.20431137,59.47983932,0
234,14.6,69,228.5932538,135.2833658,29.07758713,59.50800705,0
235,9.4,69.3,208.0710603,135.3512899,29.16810417,59.34838867,0
236,11.3,69.4,229.2767641,134.9177202,29.13189697,59.35777664,0
237,8.4,69.7,240.5492631,134.4875498,29.42155266,58.74119949,0
238,14.1,69.8,205.8240211,135.9956593,29.38534546,58.76937103,0
239,10.1,69.9,229.1232881,135.634376,29.34914017,58.63791656,0
240,11.3,70.4,227.176287,133.4949654,29.33103561,58.80379486,0
241,10.5,70.7,243.1497593,135.9379004,29.27672577,58.80066681,0
242,10.2,70.6,230.1848975,135.505777,29.20431137,59.06983185,0
243,10.3,71,230.5125659,134.7708816,29.11379433,58.58470917,0
244,11.5,71.2,230.249185,133.5659353,28.98707008,59.2701416,0
245,10.7,71.5,243.6779133,135.613772,29.11379433,59.20441437,0
246,11,71.8,233.7530951,135.5264435,29.18620682,59.24822998,0
247,9.5,71.2,228.5296643,135.0363914,29.33103561,59.05418396,0
248,13.8,71.3,221.5712147,132.9845289,29.38534546,58.92585754,0
249,9.2,71.6,185.6984979,134.5817334,29.31293106,58.86952209,0
250,9.8,71.9,202.978956,132.4673194,29.49396515,58.98532867,0
251,12.3,70.9,236.3422922,135.6521719,29.15000153,58.97593689,0
252,9.8,71.1,228.3458285,134.8256669,29.13189697,58.72555161,0
253,8.6,71.1,126.83837,110.828558,29.53017426,62.12454224,0
254,10.6,71.3,139.791729,97.03083693,29.62068939,62.25286865,0
255,10,71.7,151.2146864,96.09943414,29.53017426,61.84598541,0
256,9.4,71.9,156.4749099,80.94327886,29.4396553,62.27477264,0
257,11.6,72.1,135.424275,96.63885919,29.56637955,61.97431183,0
258,9,72.2,167.7537516,96.40212007,29.5120697,61.88354492,0
259,8.2,72.5,148.6946546,111.6846622,29.91034698,60.36870956,0
260,16,74.2,143.8746667,100.8389239,29.89224243,60.872612,0
261,10.7,74.7,130.0811992,104.3372401,29.87413788,61.24819183,0
262,11.8,74.5,109.8617831,97.4250444,29.87413788,61.0384903,0
263,11.6,74.8,133.3766485,99.63720305,29.81982803,61.03536224,0
264,8.7,75,123.3966022,81.52345394,29.81982803,60.96650696,0
265,12.1,74.9,156.5060306,96.85218219,29.5482769,61.67071533,0
266,12.3,75.4,164.331323,96.54651339,29.4396553,61.28887939,0
267,9.4,73.6,159.3047495,96.77854116,29.5120697,61.3107872,0
268,10.5,79,162.7472466,83.95902567,29.56637955,61.54865265,0
269,13.2,75.4,144.2447737,90.65697346,29.40345001,61.29513931,0
270,10.9,75.5,131.1862458,92.29435479,29.5482769,61.05101013,0
271,9.3,74.3,131.7981808,94.47773248,30.01896667,60.43756866,0
272,10.2,74.7,128.7614978,111.8337416,29.85603523,60.27481461,0
273,8.9,74.8,128.7672706,94.2250967,29.78362274,60.29985428,0
274,8.6,75,131.1933506,98.98246945,29.71120834,62.00873566,0
275,9.3,75.5,121.8810486,95.13338246,29.89224243,60.08389282,0
276,9.8,75.4,129.8648697,94.29754485,29.74741364,60.39061737,0
277,11,75.7,130.2821099,96.16664283,29.34914017,60.47512436,0
278,9,75.8,130.068094,95.22259541,29.56637955,60.37496948,0
279,13.6,75.9,130.5242395,125.8300799,29.4396553,60.71924973,0
280,9.3,76.8,128.2530376,96.3478145,29.33103561,60.50016022,0
281,10.2,76.6,129.3467125,113.9718291,29.38534546,60.64726257,0
282,8.8,76.8,147.696642,96.06080436,29.40345001,60.81001282,0
283,9.1,77.2,152.8700528,103.5047703,29.81982803,59.47983932,0
284,11.8,77.3,126.159175,96.86549926,29.76551819,59.37342453,0
285,15.1,77.3,140.1745181,96.04309239,29.83793259,59.35151672,0
286,9.7,77.6,152.1351236,96.49247756,29.71120834,59.27326965,0
287,10.2,77.8,138.5966746,112.7990215,29.74741364,59.36716461,0
288,10.7,77.9,136.5284427,128.4146765,29.72931099,59.56121445,0
289,8.5,78.7,152.1727564,99.00198313,29.4396553,59.78343201,0
290,9,78.7,146.1227363,109.7611144,29.27672577,59.686409,0
291,12.2,78.7,156.534266,106.2017774,29.36724281,60.00878143,0
292,9.3,78.9,129.9210722,109.1735556,29.31293106,60.02755737,0
293,8.9,79.1,152.9203432,122.4658092,29.29482841,59.92114258,0
294,10.4,79.2,134.6678212,133.7595062,29.27672577,59.90236664,0
295,10.3,79.6,131.7889364,131.0049582,29.40345001,60.08702469,0
296,9,79.5,131.3981225,125.5109659,29.63879395,58.93212128,0
297,8.9,79.7,136.9264922,109.1801056,29.60258675,59.04792023,0
298,9.8,80,141.3948751,122.4525643,29.38534546,58.82257462,0
299,9.9,80.2,148.0486806,113.9645967,29.40345001,59.55182648,0
300,13.5,80.4,150.2506552,120.6290593,29.49396515,59.21380615,0
301,9.5,80.5,135.2859211,116.8618981,29.45775986,59.57686615,0
302,8.5,80.5,136.177016,109.3996881,29.29482841,59.35464478,0
303,8.8,80.9,134.3157485,114.4132742,29.24051857,59.49549103,0
304,9.7,81.3,136.7168008,102.130459,29.27672577,59.53304672,0
305,13.3,81.3,127.8262748,100.4987704,29.31293106,59.53304672,0
306,8.1,81.4,128.9450536,98.32131531,29.25862122,59.44228363,0
307,8.6,81.8,129.2194593,97.6654938,29.25862122,59.63007355,0
308,7,82,132.6030642,99.15285677,29.60258675,58.4532547,0
309,13.7,82.2,130.220682,96.23225357,29.47586441,58.5064621,0
310,8.2,82.1,130.3554264,107.1082437,29.40345001,58.38127136,0
311,8.7,82.2,132.7109865,95.44820068,29.38534546,58.56279755,0
312,8.6,82.6,128.8255397,100.6954424,29.40345001,58.7568512,0
313,13.5,82.6,128.7495195,98.22462893,29.45775986,58.42821503,0
314,9.9,82.8,129.372587,97.80025764,29.16810417,59.04479218,0
315,9.3,83.3,132.0076559,105.9357927,29.56637955,57.96813202,0
316,9.7,83.5,127.7110017,104.0208235,29.42155266,57.86798096,0
317,8.3,83.8,127.960742,38.98206265,29.45775986,58.2873764,0
318,9.2,84,129.8334264,97.49680314,29.47586441,58.0369873,0
319,9.6,83.8,130.7611211,108.0756729,29.33103561,58.32806396,0
320,8.8,83.7,127.3230761,118.206271,29.42155266,58.13088226,0
321,11.7,60.7,132.0134496,106.4828623,29.05948257,58.90082169,0
322,10.9,61.1,131.3267011,107.8336431,29.13189697,58.86639404,0
323,10.2,61.3,129.7816805,98.40471735,29.11379433,58.87265015,0
324,10,61.4,136.3125823,117.5422828,29.20431137,58.67860413,0
325,11.1,61.6,130.4293444,125.7127921,29.15000153,58.95402908,0
326,10.5,61.9,134.0481667,113.802375,29.13189697,58.75997925,0
327,9.8,62,133.3213795,125.5878675,29.36724281,58.49707413,0
328,11.5,62.4,130.8285363,127.6742566,29.34914017,58.61600494,0
329,9.9,62.7,132.3367824,126.6072495,29.36724281,58.99158478,0
330,11.8,62.7,132.5288582,127.3282805,29.25862122,58.48142242,0
331,12.1,63,128.8374636,115.4191653,29.34914017,58.69112396,0
332,11.6,63.3,130.9063963,123.192356,29.31293106,58.54089355,0
333,11.6,63.4,134.7178748,126.3287647,29.31293106,58.61287689,0
334,10.6,63.7,132.10724,123.9028674,29.05948257,60.81627655,0
335,14,69,131.8556925,92.16478833,29.15000153,60.92894745,0
336,14.2,65.2,132.4292593,122.2294749,29.07758713,60.50016022,0
337,10.9,65.5,130.848027,124.3742622,29.15000153,61.57682037,0
338,10.2,64.6,131.827045,122.3054061,29.18620682,61.64881134,0
339,11.1,64.7,134.5474312,122.4514073,29.09569168,61.695755,0
340,10.4,65,132.6863587,125.7988677,29.29482841,61.91484451,0
341,5.5,65.3,172.0691896,151.7936009,29.45775986,63.87724304,0
342,15.6,66,167.378843,130.7359973,29.45775986,64.2277832,0
343,16.9,66.9,140.4811537,119.9701241,29.60258675,64.05877686,0
344,9.9,66.9,161.8698238,119.7502751,29.85603523,64.15579987,0
345,13,66.2,166.5532633,120.5595272,29.98275948,63.6612854,0
346,12.9,66.2,161.8470382,120.7208593,30.10948372,63.90854645,0
347,11.5,66.3,156.8958922,109.6680692,30.05517387,64.07442474,0
348,10.7,66.4,163.2778818,101.847398,30.01896667,63.97427368,0
349,11.1,66.8,155.262102,106.6669969,29.67500114,64.64718628,0
350,13.3,66.8,171.5712766,124.1725887,29.56637955,64.5376358,0
351,10.8,66.9,172.1564462,118.1319637,29.67500114,63.67067719,0
352,15.2,67.3,167.1990752,123.9483715,29.67500114,64.4719162,0
353,11,67.5,173.6009082,125.714799,29.6568985,64.7348175,0
354,12.8,67.7,172.4515377,125.6110377,29.67500114,64.77863312,0
355,12.3,68,167.5625157,122.8309395,29.71120834,64.9539032,0
356,13.6,66.8,168.395131,117.2060981,30.12758636,63.28570557,0
357,11.5,67.1,167.5128231,125.0424736,30.09138107,63.42342377,0
358,13.1,67.4,169.1263811,122.9488102,29.98275948,63.27318573,0
359,10.9,67.5,171.3688238,122.5859359,30.00086212,63.26692963,0
360,10.6,67.7,166.9994799,125.1599172,29.89224243,63.15738678,0
361,12.9,67.9,168.6645977,125.0290644,29.92844963,63.63938141,0
362,15,68.1,171.7139899,123.8296704,29.96465683,63.36395264,0
363,9.8,68.4,168.4633336,127.8658727,29.56637955,63.7457962,0
364,13,68.7,166.4646635,124.4288115,29.63879395,63.29509735,0
365,14.2,68.8,167.1327423,127.7076211,29.56637955,63.53296661,0
366,11.2,69,172.7308506,127.0984157,29.49396515,63.62998962,0
367,10,69.2,173.1264786,114.8471438,29.47586441,63.19181061,0
368,13.4,69.4,172.7216305,127.0911259,29.5482769,63.4359436,0
369,11.2,69.8,152.4250696,114.3318578,29.49396515,63.66442108,0
370,11.8,69.9,134.3695121,121.6255153,29.76551819,62.17774963,0
371,14.9,69.9,150.366885,116.7558396,29.6568985,62.57210541,0
372,11.1,70.3,133.4472392,131.1793339,29.71120834,62.85379028,0
373,9.8,70.5,133.9795097,134.7842068,29.6568985,62.72859955,0
374,13.4,70.7,135.6720914,125.7241565,29.76551819,63.08226776,0
375,12.1,70,167.9692097,127.6857189,29.67500114,62.91638947,0
376,10.9,70.3,170.6203877,119.4396614,29.6568985,63.12295532,0
377,10.3,70.6,165.4344068,125.918161,29.42155266,62.85379028,0
378,10.8,71,139.2074856,123.2776888,29.56637955,62.80371857,0
379,12.7,71.3,160.2533092,103.2606546,29.76551819,64.26534271,0
380,11.4,71.4,149.6073617,98.86020429,29.69310379,62.49386597,0
381,9.3,71.7,130.8198847,98.71410045,29.78362274,62.24034882,0
382,15.7,71.7,128.8855011,89.06788009,29.80172539,62.19966125,0
383,9.9,71.9,127.8420553,91.54239301,29.60258675,61.4923172,0
384,10.3,72.4,128.4303741,94.36472129,29.60258675,61.55804443,0
385,18.1,73.4,128.8674614,131.4721412,29.53017426,61.38903427,0
386,13.7,73.7,132.9884491,137.7289734,29.42155266,61.61437988,0
387,10.4,73.8,149.8308796,136.7635202,29.5844841,61.49857712,0
388,10.7,72.8,153.2548267,128.2402745,29.4396553,61.39216232,0
389,11.6,73,160.3176399,129.1643621,29.53017426,61.33582687,0
390,9.6,73.3,132.4360055,133.0654696,29.71120834,61.24193192,0
391,10.4,73.5,157.4283599,122.3320605,29.74741364,61.17307281,0
392,9.6,73.8,120.3198879,127.2024291,29.69310379,60.88200378,0
393,11.5,74.4,143.6230468,120.1708747,29.80172539,60.82879639,0
394,14.4,74.3,150.3026743,132.2686258,29.85603523,60.79123688,0
395,9.3,74.3,134.4735006,137.5365355,29.85603523,60.67856216,0
396,9.8,74.5,132.5498689,126.9907108,29.72931099,60.46573639,0
397,10,74.8,132.9589573,135.8482128,29.76551819,60.28420258,0
398,10.3,75,151.3328162,137.3026174,29.31293106,60.65352631,0
399,15.8,75.2,135.4075649,136.5411205,29.24051857,60.43756866,0
400,11.9,75.4,148.6726378,134.3618633,29.22241592,60.67230225,0
401,11.6,75.7,164.6279583,136.3475998,29.25862122,60.75367737,0
402,10.6,75.9,156.5203675,136.9156597,29.20431137,60.58779907,0
403,10.1,76.2,140.4884895,136.3453805,29.22241592,60.7661972,0
404,13.3,76.5,138.5967072,137.7530715,29.29482841,60.8194046,0
405,11.1,76.7,142.9162529,133.344873,29.6568985,58.10584259,0
406,10.2,76.8,143.2061712,136.451663,29.5844841,59.64258957,0
407,10,77,153.0659178,134.5410088,29.49396515,59.34525681,0
408,11.3,77.5,148.541768,136.7796343,29.53017426,59.78343201,0
409,10.7,77.6,142.5465156,138.2309962,29.5844841,59.75526428,0
410,15,77.6,149.0780525,133.1634309,29.40345001,59.81159973,0
411,10.9,77.3,141.0658592,128.6824655,29.47586441,59.76465607,0
412,10.6,77.6,137.9676388,138.3321035,29.22241592,60.1996994,0
413,10.4,77.8,140.8883909,136.6224228,29.09569168,60.3123703,0
414,10.3,78,137.5588421,137.0327562,29.15000153,60.16527176,0
415,10.5,78.5,137.5190048,134.692585,29.25862122,60.09015656,0
416,12.7,79.2,155.9316816,137.6258732,29.09569168,60.03382111,0
417,11.2,79.6,159.813235,137.2385049,29.20431137,60.15588379,0
418,14.3,79.9,159.7079838,136.8147981,29.13189697,60.18405151,0
419,10.6,79.8,160.3878788,135.3403337,29.38534546,59.40159607,0
420,10.8,80.1,156.2353953,135.5968848,29.33103561,59.24197388,0
421,12.9,80.2,146.8404312,124.0461125,28.96896744,59.686409,0
422,8.9,80.3,169.0677521,134.7262034,29.04137993,59.67701721,0
423,8.7,80.6,167.4977972,134.7247211,29.02327728,60.91955948,0
424,8.6,81.1,166.5903239,138.7805699,29.07758713,60.01503754,0
425,9,81.1,172.9986705,137.6599638,28.98707008,60.16213989,0
426,14.2,81.4,167.7861526,138.9606866,29.09569168,60.12771606,0
427,8.5,81.6,165.6155801,138.1753085,29.04137993,60.42504883,0
428,6.9,81.6,172.7475445,131.5177979,29.80172539,62.91326141,0
429,8.2,81.9,168.3827727,137.7816546,29.80172539,63.11043549,0
430,12.7,81.9,167.0840877,138.7309248,29.76551819,63.58930206,0
431,22.8,81.8,153.074347,138.7146306,29.74741364,63.4954071,0
432,15,82,166.969892,139.0170945,29.83793259,63.41716003,0
433,8.7,82.3,168.5912517,138.170742,29.72931099,63.71762085,0
434,9.6,81.2,167.0121669,136.5900933,29.85603523,63.81777954,0
435,7.4,81.5,168.0731933,137.9541514,29.72931099,64.50634003,0
436,9.6,81.8,168.5409681,138.5709575,29.76551819,64.25595856,0
437,8.9,81.9,166.7471366,138.0304078,29.76551819,64.46565247,0
438,9.2,82.3,167.3761237,139.5094118,29.72931099,64.36236572,0
439,13.7,59.6,165.7774162,137.7540351,29.81982803,64.1620636,0
440,9,59.5,167.0268018,136.6556158,29.94655228,64.17771149,0
441,9.2,59.7,172.3189782,138.6269181,30.00086212,63.98365784,0
442,8.8,60.7,169.0466988,137.4333849,29.92844963,62.95707703,0
443,9.8,61,148.3109631,136.9508335,29.94655228,62.76303101,0
444,8.9,61.2,166.2706108,138.7738459,29.85603523,62.59714508,0
445,9,61.6,167.6688602,139.055255,29.76551819,62.80997467,0
446,9.1,61.7,160.088152,137.824636,29.80172539,62.99463654,0
447,10.3,61.8,167.9015364,137.0064364,29.69310379,63.00402069,0
448,10.1,62,166.430666,137.8515507,29.81982803,63.19807434,0
449,7.9,62.2,167.5027894,138.3166956,29.80172539,60.35618973,0
450,10.6,62.4,167.8281556,138.1359391,29.94655228,62.35614777,0
451,11.7,62.7,167.1395244,138.4676482,30.01896667,62.31546021,0
452,10,62.9,172.5992548,138.9275734,29.96465683,61.50170898,0
453,10.2,63.1,168.9914661,131.2200323,30.09138107,61.7270546,0
454,10.7,63.5,170.7296886,138.6619905,30.10948372,61.61125183,0
455,10.7,63.6,168.3695418,137.8365931,30.20000076,61.53613281,0
456,8.8,63.5,172.8599904,137.5568605,29.63879395,61.55491638,0
457,9.3,63.5,171.1415556,138.7120141,29.56637955,61.41094208,0
458,10.6,63.7,169.0304157,138.3828518,29.67500114,61.41407013,0
459,11.3,64,165.7276021,137.4942209,29.62068939,61.54865265,0
460,10.7,64.1,170.591289,138.5628321,29.47586441,61.55178452,0
461,8.8,64.3,165.7688429,138.1800355,29.56637955,61.50483704,0
462,12.9,64.6,168.3207764,127.1060139,29.5482769,61.24506378,0
463,9.4,64.8,170.5087042,138.6598765,30.00086212,60.85070038,0
464,8.9,65,166.4020137,137.7926877,29.98275948,60.90390778,0
465,9.8,65.1,154.1783644,138.591164,29.89224243,60.73802948,0
466,10,65.5,170.7210445,138.8043975,29.94655228,60.65352631,0
467,11.5,65.7,165.8150202,137.3662088,29.89224243,60.67856216,0
468,9.2,65.9,167.5136574,137.1530229,29.87413788,60.48138428,0
469,12.2,66.3,166.6599564,137.7270305,29.92844963,60.45947266,0
470,9.5,66.3,167.1450305,137.8095496,29.60258675,60.50642395,0
471,9.9,66.5,165.2807345,138.8259742,29.40345001,61.00719452,0
472,8.9,66.6,164.9865115,138.3577214,29.45775986,61.33582687,0
473,9.3,67,162.7314564,136.2142121,29.34914017,60.86948395,0
474,10.1,67,163.6510797,138.0441694,29.42155266,61.09482956,0
475,10,67.3,168.1689966,137.9201503,29.36724281,61.17307281,0
476,10.8,67.6,167.2294141,132.7642708,29.40345001,60.91955948,0
477,12.4,68.2,137.2092835,114.2898659,29.31293106,61.08230972,0
478,8.7,68.4,130.6731563,114.1613421,29.24051857,60.92894745,0
479,8.4,68.6,140.691546,91.63764371,29.69310379,60.16527176,0
480,13.2,68.7,144.5287459,99.0190004,29.5120697,60.06824493,0
481,9.3,69,129.2630734,106.8548138,29.49396515,60.16527176,0
482,8.2,69.3,126.504618,92.46258221,29.60258675,60.61909485,0
483,10,69.3,129.9606679,105.576313,29.42155266,60.45947266,0
484,7.2,69.8,129.0351156,114.6293338,29.4396553,60.2529068,0
485,9.2,69.8,131.9181925,110.9882591,29.20431137,60.6159668,0
486,13.1,69.8,132.9578983,110.2666286,29.27672577,60.7067337,0
487,9.7,70.1,133.6575676,94.57071414,29.36724281,60.92894745,0
488,8.5,70.3,132.9505952,97.22090089,29.36724281,60.91642761,0
489,11.6,70.7,129.7294345,95.35453827,29.36724281,60.71924973,0
490,10.1,70.9,131.9334006,100.6161692,29.5120697,60.53771973,0
491,8.5,70.2,133.4335699,96.90954682,29.5482769,59.78343201,0
492,7.6,70.2,129.8059501,96.4423364,29.47586441,59.99000168,0
493,9.7,70.6,129.7165898,101.6271978,29.40345001,59.77404022,0
494,11.6,70.8,128.8380959,100.2637399,29.49396515,59.77404022,0
495,9.6,70.9,215.3232888,193.8278668,29.36724281,59.83976746,0
496,10.6,71.4,232.6791396,184.6592123,29.4396553,59.57373428,0
497,8.6,72.1,215.6670256,175.8428573,31.21379471,67.63929749,0
498,10.7,72.2,229.8962318,193.3035406,31.3586216,67.80204773,0
499,10.4,72.7,236.2446658,189.7663817,31.3586216,67.91159058,0
500,9.6,72.8,211.6348697,193.5086421,31.3948288,67.92098236,0
501,10.4,72.9,247.7993497,194.3383751,31.41293335,68.05243683,0
502,13.3,73.4,249.2927144,194.5579057,31.50344849,68.0242691,0
503,9.4,73.4,250.8571611,192.5122462,31.55775833,67.89594269,0
504,10.9,73.6,232.0778647,190.8325496,31.55775833,68.01174927,0
505,8.9,73.7,234.4906624,178.3379496,32.42672729,67.17295074,0
506,21.3,74.1,233.2565149,192.689131,32.2818985,67.18234253,0
507,11.2,74.1,232.1314894,192.5646459,32.39051819,67.59235382,0
508,9.1,74.2,231.2631556,194.5185317,32.30000305,67.42333984,0
509,9,74.7,251.826706,193.112741,32.24568939,67.38578033,0
510,9.8,74.9,212.4902426,192.3461763,32.33620834,67.57357025,0
511,15,75,234.5303247,193.4851378,32.37241364,67.48593903,0
512,10.5,75.1,233.6437591,192.3026314,32.33620834,67.49532318,0
513,8.4,75.5,250.7236689,194.6068254,32.42672729,68.3028183,0
514,11.2,75.2,250.590748,191.2031626,32.53534698,68.13381195,0
515,10.5,75.4,247.9823141,194.1089512,32.60775757,68.07121277,0
516,10.3,75.9,232.6785311,192.9994653,32.60775757,67.87716675,0
517,13.5,75.8,233.7229007,192.4613104,32.64396667,67.35448456,0
518,10.1,75.9,237.7152239,192.6109122,32.66207123,67.53288269,0
519,14,78,236.6027386,185.41712,32.69827652,67.56731415,0
520,19.9,80.6,178.6899278,185.0364985,32.68017578,67.48906708,1
521,17.4,81.4,177.8690887,184.3266624,32.55345154,68.49060822,1
522,22.7,80.4,210.1683817,190.5584016,32.55345154,68.54381561,1
523,45.7,84.3,169.1920546,144.2657017,32.60775757,68.51564789,1
524,51.8,85.8,130.5517863,88.27146526,32.49913788,68.57198334,1
525,67.9,93.8,126.6716508,95.16615529,32.55345154,68.75977325,1
526,63,96.3,131.8416854,105.3100188,32.58965683,68.8035965,1
527,76.1,96.3,118.2865003,92.12159901,32.60775757,68.48122406,1
528,78.3,95.8,127.9729173,97.84536691,33.60345078,67.15104675,1
529,74.7,95.6,121.7033396,95.03286464,33.76638031,67.1166153,1
530,76.4,93.8,96.22996454,92.43544274,33.85689545,66.71913147,1
531,73.8,94.2,94.27910596,77.29478076,33.76638031,66.4437027,1
532,74.5,94.8,88.06686097,77.54775046,33.96551895,65.98674774,1
533,68.5,76.6,94.27587647,93.40535914,33.96551895,65.75514221,0
534,15.3,76.5,93.23850954,94.81026284,34.16465759,61.30765533,0
535,11.4,77.9,115.1249772,100.0198243,34.27327728,60.85383224,0
536,33.6,80,169.8780294,98.36959387,34.18275833,60.86635208,0
537,38.6,82.1,136.6570292,95.6657005,34.14655304,60.64413452,1
538,56.1,87.7,129.9374492,128.4747888,34.09224319,60.65352631,1
539,67.5,94.1,156.2054078,131.4824621,33.92931366,60.55023956,1
540,74.5,95.1,133.4044865,123.1581885,33.85689545,61.25445175,1
541,76.6,94.3,163.8092502,93.58660724,32.91551971,59.80534363,1
542,74.2,95.4,153.7689116,93.00744989,32.95172501,60.04007721,1
543,74.8,92.7,139.7005049,2.828669107,32.95172501,59.66449738,1
544,75,93.2,167.3955379,108.0192136,33.04224396,59.13555908,1
545,74.8,93.4,134.3804746,3.228488945,33.11465454,58.81318665,1
546,76.8,94.6,132.942506,100.1818259,33.22327805,57.37346649,1
547,74.7,95,130.680934,120.5321842,33.18706894,56.09023666,1
548,51.2,78.1,131.774315,2.120809615,33.22327805,57.4704895,0
549,13,79.5,149.8270389,96.78300717,33.15086365,57.02918243,0
550,50,90.7,137.9609662,100.6288349,33.11465454,57.03857422,1
551,50.5,91.9,159.6127747,97.70892565,33.1689682,56.9791069,1
552,39.2,94.7,163.6413396,96.23271643,32.11896515,56.51902008,1
553,30.1,93.1,167.5492017,104.4330037,32.04655457,56.84139252,1
554,17,93.2,157.3970022,111.9811803,32.0646553,56.71932983,1
555,30.6,96.6,154.3191094,96.56631226,31.90172577,56.78818512,1
556,41.8,94.1,120.4513891,97.94612934,31.84741592,56.81635666,1
557,30.6,92.2,130.2131091,97.76231508,31.72069168,57.02605438,1
558,33,71.2,130.2172204,95.98885794,31.59396744,57.01979446,0
559,30.3,73.8,118.9889673,94.51872713,31.66637993,57.21697235,0
560,27.4,72,117.8657537,98.75588465,31.73879433,57.31399918,0
561,15.3,71.5,117.2302991,2.682409442,31.64827728,56.76314926,0
562,10.2,52.4,85.71635694,2.871457928,31.79310417,56.74749756,0
563,10.2,53.4,129.0834003,96.98821333,31.70258713,56.35626984,0
564,8.4,53.5,128.5291192,107.6772642,31.05086327,57.52056885,0
565,9.3,53.6,124.3947749,79.35677447,30.86982727,57.44232178,0
566,9.3,54.1,123.8788715,106.2723119,30.90603638,57.39850616,0
567,11.6,54.9,125.541986,109.6649175,30.86982727,57.56751251,0
568,10.2,55.2,127.5397114,107.9881204,30.77931213,57.7208786,0
569,9.3,55.7,119.5188483,4.659340643,30.76120758,57.61446381,0
570,10,56.2,124.9004302,102.4605294,30.23620796,58.6566925,0
571,12.7,57,119.6800469,99.79614259,30.30862045,59.0886116,0
572,10.4,57.2,127.2231122,112.1631628,30.23620796,58.29989624,0
573,7.6,57.3,130.0803403,96.17458373,30.36293221,58.87578201,0
574,9.8,56.7,130.8257544,102.9780556,30.52586365,59.08235168,0
575,8.9,57.2,74.38314906,2.901986872,30.34482956,59.00097656,0
576,9,57.3,130.0839364,98.60963056,30.20000076,59.56434631,0
577,10.1,57.8,130.3147328,97.046456,30.21810532,59.44541168,0
578,9.9,57.8,129.3138151,98.12340606,30.05517387,59.49549103,0
579,10.5,57.8,126.4642676,96.11139843,30.01896667,59.64572144,0
580,10.5,58.3,127.8460825,97.41204208,29.92844963,59.60816193,0
581,10.2,58.4,129.2300299,98.22767428,30.03707123,59.92427444,0
582,8.3,58.8,131.022166,101.9845843,29.96465683,60.21221924,0
583,11.8,59.2,130.2733597,86.93896497,29.98275948,59.86167908,0
584,9.9,59.3,128.7787766,96.08949431,30.07327652,59.88671875,0
585,9.5,59.5,134.1581512,98.22432862,30.16379547,58.63791656,0
586,8.6,59.7,162.9734519,100.265817,30.21810532,59.73335266,0
587,8.6,60,100.5912136,2.198569689,30.21810532,59.73022461,0
588,10.5,60.4,139.1819051,99.56059152,29.91034698,59.83976746,0
589,18.2,62.1,143.609159,97.62464626,29.83793259,60.13710022,0
590,30.9,65.9,135.8623492,94.55335165,29.83793259,59.8898468,0
591,51.2,73.3,128.4750896,91.1544282,29.87413788,60.37184143,0
592,68.3,82.1,128.8884414,98.83953603,29.81982803,59.97748184,0
593,73.4,82.7,125.2217035,95.12819316,29.76551819,60.15588379,0
594,75.1,83.1,129.2374716,93.91978268,30.70689774,59.23884201,0
595,76.4,83.3,129.8960703,92.88861091,30.86982727,58.92585754,0
596,74.3,83.3,121.0464477,2.103239704,30.97844887,58.88830185,0
597,77.3,83.1,121.9525142,82.7690755,31.05086327,58.67234421,0
598,66.7,77.6,108.0806932,87.61695318,31.12327576,58.18096161,0
599,22,78.7,128.3772099,97.25338062,31.3224144,57.95561218,0
600,18.2,79.1,128.9178686,97.04737397,31.95603561,57.05422211,0
601,10,64,129.8274457,55.76042003,31.97414017,55.75847626,0
602,11.6,63.9,127.4958743,88.73888406,31.97414017,55.87427902,0
603,12.3,64.5,159.9142843,91.5768805,31.99224281,55.6113739,0
604,23.5,73.1,178.6892188,92.71412843,31.77500153,55.65832138,0
605,23.8,81,149.7468347,92.22582818,31.75689697,56.05893707,1
606,16.2,81.4,140.2163052,88.94702473,30.4353447,57.7052269,0
607,36.8,82.1,101.7061818,3.579245063,30.25431061,57.77721405,0
608,30.6,87,94.79106158,2.882795107,30.30862045,57.94935608,0
609,44.1,86.9,99.41796423,83.89595264,30.25431061,57.99943161,0
610,45.9,88.7,99.47231857,77.02099269,30.27241516,57.89614868,0
611,43.8,86.1,105.2800417,86.86665777,30.36293221,58.07141876,0
612,43.3,86.3,90.82064034,93.13968614,31.44913864,56.29993439,0
613,46.7,86.7,141.522056,88.5204167,31.52155304,56.52215195,1
614,44,86.8,134.4041909,91.58340246,31.50344849,56.29993439,1
615,44.1,87.9,125.789119,92.81778536,31.55775833,56.43451691,1
616,41.9,87.9,120.1743134,91.70627843,31.55775833,56.16222382,1
617,41.5,86.8,119.4120728,94.9796603,31.55775833,56.24985504,1
618,43.2,86.9,125.1860964,87.39687069,31.50344849,55.25457001,1
619,45.7,87.1,156.4910456,96.83716443,31.44913864,55.1043396,0
620,39.7,87.6,164.255571,95.54878379,31.46724319,55.11685944,0
621,41.1,87.8,163.8106007,94.8814095,31.53965759,55.28587341,1
622,41.7,88.2,152.1019074,86.42232362,31.50344849,55.26396179,1
623,44.9,88.6,94.30876895,89.33804451,31.46724319,54.9384613,0
624,42.6,87.7,156.3035452,92.89070445,31.14138031,55.54251862,0
625,41.4,88,94.62415896,4.418753121,31.08707047,55.47679138,0
626,43,88.7,118.8617406,95.54892106,31.14138031,55.7929039,0
627,40.9,88.7,122.3380519,93.20928118,31.06896591,55.68022919,0
628,41.6,89.4,126.6557235,90.53101158,31.12327576,55.4298439,0
629,41.6,89.6,115.2933539,94.35707664,31.14138031,55.43297577,0
630,40.5,89.6,93.34879994,95.71757497,30.88793182,55.4673996,0
631,45.6,90.4,92.57125239,94.90952832,30.88793182,56.02450943,0
632,41.6,90.2,93.55251316,88.34505815,30.94224167,55.84923935,0
633,41,90.3,92.83241092,94.14450854,30.79741478,56.10901642,0
634,41.7,90.7,90.68479122,92.48360715,30.79741478,55.78351593,0
635,39.9,90.8,119.6382563,89.98378426,30.85172653,55.7929039,0
636,43.5,91,118.3696593,97.02850367,30.90603638,55.6708374,0
637,42.6,91.5,157.9185582,4.225887206,30.81551743,55.59572601,0
638,38.7,91.2,138.1101633,2.665345195,30.88793182,55.83985138,0
639,41.9,91.7,117.9355398,93.7050702,30.85172653,55.83045959,0
640,41.7,92.1,149.3626069,90.67806713,30.81551743,56.1778717,0
641,38.5,92.3,184.8365024,100.7284711,30.83362198,55.65832138,0
642,44.9,92.6,156.7593554,100.6523154,30.81551743,55.95252228,0
643,41.1,92.8,140.5152698,102.1335231,30.81551743,55.67396927,0
644,40.5,92.9,196.8151223,96.62107284,30.83362198,55.81168365,0
645,42.7,93.6,186.8678465,93.98012714,30.81551743,55.6645813,0
646,40.5,93.5,192.2112366,101.7469727,30.90603638,55.65518951,0
647,35.2,90,186.4583891,95.2799641,30.81551743,55.82107162,0
648,25,73.5,145.9014239,87.0402758,30.67069054,55.50808716,0
649,22.7,76,163.1326923,95.86955488,30.72500229,55.44862366,0
650,32.4,78.6,143.6354935,3.789275562,30.72500229,55.59885406,0
651,50.3,85.8,165.9011133,103.5734354,30.70689774,55.62389374,0
652,67.3,94.3,131.8082841,93.19432044,30.59827805,55.88679504,0
653,68.5,75.8,129.559589,82.5206216,30.70689774,55.63328171,0
654,13.5,74.9,160.5448832,103.3734494,30.74310493,56.17161179,0
655,11.8,75.7,192.0140712,86.71547,30.76120758,56.02137756,0
656,10.9,76.3,161.9639529,4.36428518,30.63448334,56.20603943,0
657,8.9,76.5,194.8689194,93.35250293,30.50775909,56.44703674,0
658,14.6,77.6,157.2495382,83.68760044,30.4353447,56.67551422,0
659,10.2,58.2,170.6982163,88.83672537,29.96465683,57.62698364,0
660,9.7,58.6,206.6562664,94.50857044,29.92844963,57.65515137,0
661,8,58.7,193.7804814,93.13945004,29.92844963,57.49865723,0
662,10.3,58.8,181.6671445,85.82256928,29.89224243,57.6676712,0
663,11.5,58.8,199.1706099,88.21228305,29.89224243,57.68644714,0
664,16.7,60.4,156.0414394,3.909716899,29.87413788,57.78660202,0
665,16.6,62.4,179.7932228,92.23573366,30.23620796,58.11836243,0
666,17,62.7,183.7597895,4.344444986,30.07327652,56.32810211,0
667,10.7,62.9,195.9615907,114.0768726,30.12758636,57.94309235,0
668,20.6,63.6,214.7073714,124.240255,29.92844963,58.22477722,0
669,20.8,64.9,174.2249405,113.2643689,29.81982803,58.35310364,0
670,20.2,64.6,171.1076776,109.0582081,29.76551819,57.90866852,0
671,17.5,65,143.3327086,89.95475714,29.72931099,58.14027405,0
672,22.9,65.4,126.918235,91.08783433,29.78362274,58.27798462,0
673,20.9,66.5,124.2239149,82.24848151,29.6568985,58.1434021,0
674,16.3,64.9,126.9187345,87.82061854,30.05517387,57.64263153,1
675,13.9,65.2,134.4539819,90.4816517,30.09138107,58.00256348,1
676,16.2,65.1,119.393799,89.90285547,30.14569092,57.63323975,1
677,16,65.2,95.92510052,93.3290304,30.05517387,57.70209503,1
678,19.1,71.7,128.9152962,83.32236777,29.96465683,57.94622421,0
679,14.7,66.6,121.6003992,84.86037304,29.6568985,58.11210632,0
680,16.3,66.9,123.9369681,84.25791823,29.71120834,58.23104095,0
681,15.4,64.7,115.2348831,85.83726862,29.69310379,58.42508698,0
682,16.1,63.9,86.15275992,2.995073216,29.74741364,58.06515503,0
683,20.5,64.5,111.1885145,2.816726089,29.60258675,58.29989624,0
684,17.4,64.3,150.6388253,94.30186186,29.60258675,58.33745193,0
685,20.3,66.2,134.5578822,94.09209223,29.87413788,57.62071991,0
686,15.6,67,148.2421462,64.4316165,29.80172539,57.69583893,0
687,15.4,66.4,141.3359241,92.00486913,29.81982803,57.82728958,0
688,16,66.6,161.5067483,92.49733806,29.89224243,57.74904633,0
689,14.8,66.8,115.3951939,102.0425843,29.76551819,57.92431641,0
690,13.4,66.8,118.8509845,91.91972024,29.72931099,57.71148682,0
691,14.5,66.9,119.6104508,94.83977639,29.56637955,58.63791656,0
692,13.7,67,139.8791348,94.30531287,29.5120697,57.1606369,0
693,15.1,67.3,128.7296993,95.39723313,29.49396515,58.28424454,0
694,17.6,67.6,163.4477933,95.26991882,29.49396515,58.42195892,0
695,17.4,67.7,142.2718268,3.987299222,29.5482769,58.54714966,0
696,19.1,69.5,149.480779,91.1115028,29.67500114,58.83822632,0
697,18.2,68,143.7093121,91.88710509,29.69310379,58.137146,0
698,14.9,67.8,121.9954622,92.88487425,29.76551819,57.98065186,0
699,15.7,68,112.4475219,92.30107846,29.72931099,58.37187958,0
700,17.6,68.6,125.9929204,72.0967766,29.6568985,58.09332657,0
701,17.9,69.1,92.740735,92.95367582,29.63879395,57.98065186,0
702,18.1,69.5,127.4764055,90.4905488,29.6568985,58.20286942,0
703,16.1,68.9,109.0992578,92.10314374,30.00086212,57.92431641,0
704,14.6,69.2,126.2618055,104.0196747,29.91034698,57.85858917,0
705,12.4,69.2,138.7348829,89.55414466,30.03707123,57.93683624,0
706,15.3,69.4,129.1964173,99.92812065,30.01896667,57.86798096,0
707,15.9,70.8,131.0863316,2.454931781,29.85603523,57.67079926,0
708,16.3,70.1,121.4727113,90.37176978,29.92844963,57.52995682,0
709,15.8,70.3,144.9091507,91.07968841,29.22241592,59.40159607,0
710,16.9,71,156.0509262,94.01995736,29.31293106,59.39533234,0
711,16.1,70.3,154.9143256,1.622643103,29.33103561,59.27326965,0
712,20.1,71.2,157.799348,100.3560433,29.27672577,59.35151672,0
713,19.1,71.7,112.5319586,85.76455792,29.22241592,59.46731949,0
714,16.6,71.7,146.2552304,1.797837155,29.33103561,59.51739502,0
715,12.7,72.1,224.1224132,108.7959397,29.5844841,58.64104462,0
716,16.7,69.9,222.2816128,99.06192019,29.63879395,58.55027771,0
717,14.5,70.3,220.5102326,99.453962,29.47586441,59.01662445,0
718,16.1,70.4,160.3450174,118.713783,29.60258675,58.77875519,0
719,15.5,70.4,160.9284612,128.4487461,29.5120697,58.48768616,0
720,16.8,70.8,131.9843914,123.9539323,29.4396553,58.71616364,0
721,13.5,70.9,155.6732133,130.3369647,29.04137993,59.28266144,0
722,16.9,70.9,49.15719464,2.798566221,29.09569168,59.39220428,0
723,13.7,71.5,141.7285637,95.88832268,29.07758713,58.98219681,0
724,13.7,71.5,103.5494733,93.21800811,29.22241592,59.29830933,0
725,16,71.8,124.8802076,93.41253971,29.31293106,59.41098022,0
726,15,74,121.2989131,90.94395191,29.36724281,59.27952957,0
727,19.1,74.1,93.70576106,90.09193852,29.47586441,58.49394226,0
728,14.1,74.7,117.2233528,88.78740061,29.45775986,58.26233673,0
729,15.6,75,123.1606782,92.54949694,29.24051857,58.1966095,0
730,14,73.7,115.5482987,87.54563155,29.29482841,58.45638657,0
731,15.1,74.2,65.21415946,2.219841193,29.31293106,58.30302429,0
732,13.4,74.2,111.2922858,85.12177507,29.34914017,58.52837372,0
733,12.3,74.6,124.1022351,92.28888689,29.63879395,58.24981689,0
734,12.3,75,126.4229129,102.9297178,29.67500114,57.85546112,0
735,15.5,75.8,150.4607435,96.39605776,29.5482769,57.76156616,0
736,24.8,76,136.0425891,93.97472783,29.5120697,58.08706665,0
737,13.9,75.8,79.74945137,2.008518881,29.42155266,57.98377991,0
738,17.6,75.6,126.0349075,94.82934062,29.53017426,58.10271454,0
739,20.2,74.2,131.888593,54.04327508,29.36724281,58.18408966,0
740,19.2,74.7,128.0882406,94.99854613,29.16810417,60.24038696,0
741,14.2,75.1,145.5657925,102.4816653,29.18620682,60.24038696,0
742,16.8,73.9,128.8478744,90.07675296,29.13189697,60.34680176,0
743,13.9,74.2,142.4874384,90.27758449,29.18620682,60.68169403,0
744,16.3,75.2,142.781384,1.791881007,29.34914017,60.57527924,0
745,23.5,75.8,141.4750007,110.0797396,29.53017426,60.87887192,0
746,13.3,76,85.25440991,88.72871869,30.25431061,62.62218475,0
747,16,75.9,125.1996486,87.25665119,30.18189621,62.65348053,0
748,13.6,76.2,138.5996039,100.7664073,30.23620796,63.31387329,0
749,14.5,76,117.2493434,89.29603271,30.25431061,62.7254715,0
750,12.5,76.1,137.8959636,87.40545709,30.23620796,62.96333313,0
751,19.3,76.9,161.3505353,92.56930273,30.16379547,62.87882996,0
752,17.1,76.9,108.6513941,92.04345989,30.61638069,61.69262695,1
753,15.8,77.2,123.0131515,91.8638141,30.54396629,61.5455246,1
754,19.5,83.4,99.96087965,1.202622928,30.52586365,61.43598175,1
755,26.4,77.9,91.33533851,83.10484506,30.41724205,61.7959137,0
756,18.6,78.7,84.0916907,62.59524962,30.50775909,61.25445175,1
757,15.9,78.1,97.15857025,81.88303687,30.4715538,61.71453476,0
758,18.8,77.8,106.7125462,79.73180478,30.12758636,61.27009964,0
759,19.2,77.9,113.9156445,74.11790075,30.21810532,61.3483429,0
760,23.2,77.9,105.7649569,74.27987813,30.18189621,61.28575134,0
761,16.4,78,118.7746397,82.42049257,30.23620796,61.1073494,0
762,16,78.5,111.2348636,91.90080585,30.32672501,61.11360931,0
763,15.7,78.5,122.8713221,84.83246854,30.3991394,61.09482956,0
764,15.7,79,127.0520733,86.67168745,30.20000076,60.16840363,0
765,15.5,79.3,105.8522395,73.78800164,30.16379547,60.25916672,0
766,21.8,79.7,76.91057288,1.735632033,30.20000076,60.53771973,0
767,18.9,79.6,115.2639318,105.6392353,30.03707123,60.34054184,0
768,15.2,79.7,68.17666052,41.56277883,30.09138107,60.4187851,0
769,16,79.5,80.76894859,34.31314674,30.16379547,60.16840363,0
770,14.4,79.7,84.64688937,51.17595029,30.25431061,60.0181694,0
771,15.4,79.9,107.3116637,88.70365193,30.34482956,59.60190201,0
772,15.5,80.2,79.1837937,2.190917068,30.34482956,59.53930664,1
773,16.4,78.9,91.85811717,84.9216684,30.27241516,59.56121445,0
774,15,79.3,96.71602082,90.2234285,30.30862045,59.65824127,0
775,22.5,80.1,85.07084563,32.3291326,30.25431061,59.73022461,1
776,19.4,81.4,87.40851763,108.0821895,29.98275948,59.84915924,1
777,20.6,81.4,111.8276733,91.15317353,29.78362274,60.0025177,1
778,15.4,81.4,115.2066494,93.86060275,29.91034698,59.88045502,1
779,14.9,81.3,115.7266959,91.77414115,29.91034698,60.17465973,1
780,22.3,81.7,112.9884125,101.4982115,29.83793259,59.90862274,1
781,21.9,83.1,105.2949625,86.07281031,29.87413788,59.98686981,1
782,20.8,84.6,159.7369949,82.1267082,29.91034698,59.02601624,1
783,18.9,83.1,95.58289668,1.102752027,29.98275948,59.42976379,1
784,24.1,83,118.5015068,89.18922506,29.96465683,59.57686615,1
785,19.8,83.5,94.20314392,95.76019513,29.89224243,59.60503387,1
786,16,83.4,136.8205469,95.06581409,29.92844963,59.47983932,1
787,15.1,84.2,130.882074,91.79023722,29.92844963,59.52365875,1
788,20,85.4,139.033618,88.38901414,29.87413788,59.62694168,1
789,16,84.7,125.1058286,85.49417349,29.94655228,59.57060242,1
790,16,84.5,136.3659805,118.8368105,30.00086212,59.55808258,1
791,22.2,85.2,139.9934129,131.102904,30.03707123,59.26074982,1
792,21.2,84.7,139.2409505,122.9103643,30.07327652,59.37029266,1
793,20.2,86.2,115.9987411,113.9352726,30.03707123,58.10584259,1
794,14.9,85.9,121.562029,89.86599848,29.81982803,58.87578201,1
795,21,62.9,132.5495078,89.63899234,29.81982803,59.21380615,0
796,22.8,64.8,128.1404645,87.12950432,29.71120834,59.5267868,0
797,19.5,65.3,134.2269686,93.76061563,29.78362274,59.34838867,0
798,20.9,65.7,142.0742678,96.59246189,29.78362274,59.05731201,0
799,20.2,65.8,125.0662621,87.56591183,29.69310379,59.10112762,0
800,19.1,65.6,136.6077168,103.5803321,29.91034698,58.67860413,0
801,17.9,66,122.8362724,120.0613962,29.96465683,58.58783722,0
802,18.1,66.1,124.318715,111.6113289,30.03707123,58.37500763,0
803,17.9,66.1,139.8765851,114.0662317,29.92844963,58.49707413,0
804,24.1,67,152.3815414,132.858341,29.85603523,58.75058746,0
805,21.6,67,124.8090165,88.30670322,29.76551819,58.58470917,0
806,20.3,67.6,120.4815534,122.7656023,29.47586441,59.56747437,0
807,19.4,67.9,162.3825471,106.6793626,29.36724281,59.45166779,0
808,21.1,67.2,161.7486476,116.2128169,29.36724281,59.71770477,0
809,22.4,67.9,146.9922673,120.7575653,29.47586441,59.80847168,0
810,23.3,69.4,217.6316246,115.671081,29.29482841,59.55182648,0
811,14.7,69.3,158.4494885,1.815805827,29.63879395,59.75213623,0
812,16.5,69.5,206.4793782,113.2476739,29.38534546,59.50800705,0
813,16.9,71.7,193.1902456,119.0356951,29.31293106,59.39533234,0
814,17.3,72.1,187.9248748,110.5329697,29.29482841,59.70205688,0
815,21.6,72.6,179.9671227,115.5562322,29.25862122,59.63632965,0
816,19,71.1,162.4860552,124.2982191,29.11379433,59.69579697,0
817,16.4,71.1,171.1308466,93.43253891,29.13189697,59.89610672,0
818,19,69.6,146.7076634,120.8987327,29.15000153,59.83351135,0
819,15.9,70.5,169.1598636,76.50669509,29.62068939,59.10112762,0
820,14.8,70.9,29.45427017,2.652643829,29.42155266,58.84135437,0
821,18.4,71,145.1979171,123.4770954,29.5120697,59.42663193,0
822,14.2,71.2,151.1290766,114.4651663,29.53017426,59.00410461,0
823,15.3,71.3,117.3972892,107.7291533,29.40345001,59.01662445,0
824,17.7,71.6,189.9060521,97.62798543,29.40345001,58.97906494,0
825,17.9,72.4,174.5479497,82.86366443,29.07758713,59.60190201,0
826,20.1,71.8,105.8929643,90.67102853,28.98707008,59.81472778,0
827,15.8,72,122.996868,88.9180735,29.09569168,59.84915924,0
828,23.3,73.1,142.9669594,2.276422134,28.95086288,59.56434631,0
829,21.7,74.6,152.6323508,74.11223312,28.93275833,59.64572144,0
830,28.7,74.8,116.420569,79.94665957,28.96896744,60.19030762,0
831,16.5,74.7,107.7624793,69.7784096,29.29482841,58.78814697,0
832,22.9,75.2,117.5274181,68.00476481,29.22241592,58.98532867,0
833,25.4,75.5,71.19848095,65.38882328,29.20431137,59.10425949,0
834,16.5,75.7,72.92287241,65.20812973,29.22241592,58.94464111,0
835,18.2,75.6,95.14219084,73.06687112,29.22241592,59.0667038,0
836,15.9,75.8,97.57488375,74.66074876,29.20431137,59.25762177,0
837,18.2,75.8,116.1791873,81.90252769,29.29482841,60.64726257,0
838,16.6,76.1,105.2405847,74.61853581,29.31293106,60.88513184,0
839,18.1,76.5,103.2772286,70.99899016,29.4396553,60.60657501,0
840,16.4,76.8,102.6800853,71.31783519,29.53017426,60.89139175,0
841,18.2,77.1,97.40804064,70.60089214,29.5120697,61.23880005,0
842,15.8,77.2,96.87761428,68.77197002,29.72931099,61.05727386,0
843,15.9,77.4,86.60711728,72.98206265,29.67500114,64.02121735,0
844,32.1,78.8,51.56823359,72.48712458,29.69310379,63.89915466,0
845,16.1,79,98.26833198,72.454536,29.5482769,64.19335938,0
846,16.6,79.6,87.14945095,70.96817939,29.62068939,66.01805115,0
847,17.2,78.4,95.02092224,71.48904001,29.74741364,64.3874054,0
848,20.8,78.9,93.79465401,69.67496455,29.69310379,66.96951294,0
849,15.9,79.1,134.2835183,95.72772392,30.23620796,63.52670288,0
850,17.1,79.5,122.8651917,89.79502891,30.25431061,63.33891296,0
851,18.2,80,157.3138977,123.8522825,30.23620796,63.15112305,0
852,13.7,80.2,157.6673592,133.3266286,30.25431061,63.32013702,1
853,19.4,80.6,142.8652075,75.80193324,30.09138107,63.10730743,1
854,15.4,81.3,129.6398517,89.07742342,30.18189621,62.99463654,1
855,15.9,81.1,154.5719932,88.77946841,29.5844841,62.99776459,1
856,15.9,81,147.6771955,96.45388192,29.56637955,62.95081329,1
857,13.1,81,131.7258521,108.4090528,29.63879395,62.96959686,1
858,15.2,81.4,141.9011418,95.28665123,29.5844841,63.0947876,1
859,15.6,82.1,130.9050808,84.88221925,29.5120697,62.80684662,1
860,28.3,82.8,81.44536699,2.630910293,29.5120697,63.05410004,1
861,15.8,82,72.14313638,70.6400028,29.80172539,61.6738472,1
862,16.3,82.3,95.92631082,79.19222411,29.85603523,61.83346939,1
863,17.7,82.4,110.2388676,80.4943528,29.6568985,61.56430435,1
864,15.8,82.4,105.7023034,74.03705333,29.78362274,61.68636703,1
865,16.7,82.6,111.6113242,76.08012653,29.62068939,61.73331451,1
866,18.4,82.7,133.8652763,79.3740707,29.67500114,61.86163712,1
867,17.3,83.6,108.7909452,75.42146609,29.38534546,62.19026947,1
868,17.9,84.4,132.472972,72.0002141,29.24051857,62.39683533,1
869,19.8,84.4,79.89943838,72.93419478,29.25862122,62.26225281,1
870,16.5,71.6,125.9011865,84.95963549,29.36724281,61.417202,0
871,19.7,71.6,123.9607639,80.62355894,29.25862122,60.88513184,0
872,16.4,71.6,122.3813452,86.68643233,29.18620682,60.91955948,0
873,16.1,71.1,166.7309975,85.95238006,29.34914017,61.30452728,0
874,14.6,71,149.2408167,83.66747538,29.49396515,61.04162216,0
875,16,71.1,128.4639636,74.73917944,29.38534546,60.98528671,0
876,17,73.3,118.8975652,84.26608596,29.63879395,59.24197388,0
877,15.8,73.5,109.1340013,80.48010117,29.60258675,58.91646957,0
878,17.2,73.8,113.8313331,87.42930595,29.5482769,59.17311859,0
879,19.1,74.7,114.1438733,83.49901821,29.47586441,59.13555908,0
880,16.6,74.4,107.1851554,86.47027729,29.92844963,58.6566925,0
881,16.3,74.1,169.9937134,97.17597241,29.85603523,59.24822998,0
882,21.4,75.2,160.2604336,87.35763064,29.89224243,58.93212128,0
883,19,75.4,153.1621124,85.04856916,29.76551819,58.67860413,0
884,23.1,75.2,153.9439271,84.11044618,29.74741364,59.10425949,0
885,18.4,75.2,129.5117373,84.10319932,29.56637955,59.09173965,0
886,19.3,75.3,116.2760947,95.77092666,29.13189697,59.73648453,0
887,16.6,75.6,111.1849924,96.65332718,29.02327728,59.93679428,0
888,17.7,75.8,157.5945625,95.62492665,29.09569168,60.0025177,0
889,17.5,76,140.9400082,88.03172069,29.09569168,60.11832428,0
890,23.7,77.1,126.2475734,91.75309446,28.96896744,59.84603119,0
891,22.4,77.9,115.7917927,1.64136633,29.05948257,60.03382111,0
892,18.5,77.3,107.0707773,88.59001287,29.40345001,59.22945404,0
893,19.5,77.8,158.6816999,79.74654484,29.45775986,59.10739136,0
894,20.1,78.6,166.9107228,85.27161097,29.40345001,59.36090469,0
895,19.7,79.2,155.3534374,102.1232979,29.42155266,59.39220428,0
896,19.7,79.3,169.6748952,89.65959487,29.27672577,59.53304672,0
897,19.3,79.1,163.3007595,91.25474617,29.31293106,59.39533234,0
898,16.1,78.9,175.9124294,90.40832722,29.34914017,59.97748184,0
899,15.6,79.1,170.7813834,89.01203583,29.40345001,59.86793518,0
900,17.7,79.4,152.9767532,89.48635662,29.5844841,59.70205688,0
901,23.3,80.5,96.33870685,1.881683037,29.42155266,59.37029266,1
902,15.4,80.3,121.5402463,85.87297923,29.49396515,59.40472412,1
903,20,79.7,117.4310402,63.14145572,29.76551819,59.23258209,0
904,14.5,79.6,124.0098091,85.89117485,29.24051857,59.09487152,0
905,15.7,79.8,147.0833777,90.54171234,29.22241592,59.5799942,0
906,12.6,80,135.6871883,86.02295873,29.20431137,59.20754242,0
907,16.1,80.3,154.17863,89.81439521,29.20431137,59.58938217,1
908,16.9,80.5,125.326728,89.82516475,29.13189697,59.62068176,1
909,19.2,80.9,171.7069393,89.53080162,29.11379433,59.55182648,1
910,14.4,80.5,170.4151611,95.1127889,29.60258675,58.83822632,1
911,16.1,80.9,173.3149992,114.1298387,29.63879395,58.76623917,1
912,16.6,81.4,183.5545618,86.33180217,29.53017426,58.86013412,1
913,15.2,81.6,183.5025168,91.59400471,29.45775986,58.71929169,1
914,16.5,81.6,122.92943,84.14868526,29.5482769,58.83822632,1
915,14.4,81.8,112.6452737,86.07029691,29.4396553,58.73493958,1
916,17.5,80.2,128.5608079,89.0942596,29.05948257,59.41098022,1
917,14.7,81,140.2064885,89.19584287,29.25862122,59.48609924,0
918,14.9,81.5,151.4120533,110.581153,29.4396553,59.30456924,0
919,14.2,76.7,169.5218784,86.1678472,29.42155266,59.31395721,0
920,13.8,73.4,143.511434,89.47348021,29.5482769,58.91333771,0
921,14.4,73.6,149.1577194,88.27812638,29.5120697,59.21067429,0
922,13.1,73,164.0528037,85.42207011,29.62068939,58.94464111,0
923,12.7,73.3,151.0781137,89.99713477,29.07758713,59.20441437,0
924,15.7,73.5,146.8086863,86.68769723,29.02327728,59.44541168,0
925,16.4,73.8,149.0750408,83.11246357,28.93275833,59.69892883,0
926,17.4,74.2,146.2308499,91.29243719,28.95086288,59.32647705,0
927,21.5,73.8,49.98512496,1.635368276,29.04137993,59.2701416,0
928,14.6,71.9,164.0212622,88.06642291,29.04137993,59.34212494,0
929,16,71.4,163.7785709,90.46932025,29.53017426,59.69579697,0
930,15.5,71.4,159.0830033,88.47074202,29.60258675,60.11832428,0
931,18.5,72.1,176.6375458,87.15689917,29.47586441,60.02755737,0
932,14.1,71.5,154.2198837,85.14068121,30.36293221,64.20587921,0
933,17.5,71.8,147.0713058,1.698228947,30.3991394,63.92106628,0
934,16.8,72.2,153.7549394,91.39993867,30.3991394,63.20746613,0
935,16.9,72.3,157.5025497,90.61551223,30.48965645,63.67067719,0
936,15.7,71.5,143.2103958,88.60404704,30.32672501,63.7144928,0
937,15.1,71.7,132.6167205,90.5192213,30.30862045,64.50008392,0
938,13.8,71.7,125.0889743,89.94619634,29.81982803,63.37334442,0
939,16.3,71.8,123.8676252,86.12280169,29.72931099,63.31074524,0
940,14.2,72,165.5977013,89.07615812,29.67500114,63.44845581,0
941,16.8,72.3,98.91100611,2.158104281,29.76551819,62.96020508,0
942,18.6,72.8,154.7000876,85.60325195,29.72931099,63.1855545,0
943,15.7,72.8,147.1895846,88.6979592,29.6568985,63.09165955,0
944,16.6,72.8,122.5294802,91.3236697,29.92844963,61.46102142,0
945,15.2,73.1,124.4806421,89.20457938,29.92844963,61.40781403,0
946,16,73.6,151.2051169,88.80493066,29.83793259,61.53613281,0
947,18.5,73.9,86.80282209,1.652177489,29.87413788,61.52674866,0
948,16.4,74.7,157.9457771,69.06140872,29.91034698,61.39216232,0
949,15.8,74.4,164.8886884,92.40099789,29.91034698,61.70514679,0
950,16.3,69.3,186.6292254,101.8072003,29.49396515,61.97743988,0
951,13,68.5,146.4944648,113.8309747,29.69310379,61.91171265,0
952,13.7,68.5,171.2965576,97.08901767,29.6568985,61.82720947,0
953,14.2,68.7,117.4492761,2.211521609,29.76551819,61.83972931,0
954,13.2,69,181.7382342,130.3473992,29.81982803,61.67071533,0
955,13.4,69.5,158.6197005,90.08597605,29.89224243,61.60186005,0
956,13.5,69.4,174.3572785,107.0080023,29.45775986,61.4391098,0
957,16.4,69.7,176.3205363,87.47190214,29.33103561,61.26071167,0
958,14.2,69.8,139.7049744,91.42696986,29.33103561,61.48918915,0
959,16.7,70.1,146.1883028,90.79348769,29.33103561,61.2575798,0
960,15.1,70.4,139.2169122,1.861226237,29.34914017,61.5455246,0
961,14.3,70.6,150.1123293,90.41614632,29.36724281,61.52674866,0
962,13.8,70.8,130.4454228,110.9864093,29.96465683,60.06198883,0
963,15,70.5,169.2571272,84.57018745,30.00086212,60.48138428,0
964,16,70.7,147.0459903,88.34845712,29.83793259,60.2529068,0
965,13.5,70.9,142.3199328,92.59783852,29.87413788,60.24664688,0
966,14.7,71.1,134.4587939,93.81402235,29.87413788,60.28107452,0
967,14.2,71.2,124.5571908,93.53737698,29.89224243,60.16213989,0
968,13.6,71.7,117.6185352,91.02501261,29.5844841,60.61909485,0
969,12.6,71.8,128.0116892,88.88701253,29.53017426,60.40939713,0
970,15.3,71.8,150.4268545,89.09651264,29.36724281,60.57840729,0
971,24.1,73.8,139.2737039,91.34751459,29.45775986,60.70360184,0
972,16.7,74,105.7993597,86.87335292,29.5120697,60.47199249,0
973,15.2,74.1,121.3541732,85.48952025,29.47586441,60.54084778,0
974,15,72.8,134.6021318,101.0384193,29.67500114,59.62068176,0
975,16.5,72.9,140.8180979,88.29274772,29.78362274,59.86793518,0
976,18.3,73.2,121.0906985,92.20302208,29.62068939,59.78969193,0
977,19.1,73.4,154.1193323,95.96654125,29.53017426,59.90862274,0
978,15,73.4,184.9095653,116.0355429,29.5120697,59.8898468,0
979,14.9,73.7,129.2117772,94.1048475,29.4396553,60.00564957,0
980,15.7,74.1,232.361588,118.3497572,29.20431137,60.76306915,0
981,18.6,73.6,197.2011549,126.9097377,29.33103561,60.54084778,0
982,22.2,74.1,183.4785696,130.5852857,29.47586441,60.5627594,0
983,23.4,75.2,230.7655167,115.5659963,29.47586441,60.41252899,0
984,17.9,75,197.0860106,93.53103914,29.62068939,60.27794647,0
985,21.3,76.5,168.6644122,90.842432,29.69310379,59.9493103,0
986,21.5,77.2,145.7600285,89.81173121,29.36724281,60.0025177,0
987,21.1,77.2,129.6696382,88.76134663,29.38534546,59.78030396,0
988,18.9,76.6,120.5498862,89.86735339,29.27672577,59.88045502,0
989,22,76.9,139.2579822,86.19331644,29.29482841,59.23258209,0
990,17.5,77.9,157.9941648,92.02060858,29.25862122,60.03694916,0
991,21.6,78.2,132.8302296,85.77966512,29.29482841,60.0025177,0
992,15,78.1,152.4560481,88.23016299,29.67500114,59.77717209,0
993,18,78.6,134.9944892,85.76229661,29.6568985,59.56747437,0
994,17.4,79.6,132.9213557,89.24770763,29.69310379,59.57060242,0
995,18.5,79.5,91.12610757,88.18541342,29.80172539,59.10112762,0
996,16.4,80,137.4566429,91.47449196,29.74741364,59.36716461,0
997,14.5,80.3,127.3808443,90.97361652,29.81982803,59.16685486,0
998,17.4,80.3,128.9607805,90.58958059,29.18620682,59.78969193,0
999,14,80.5,123.6433248,85.44699978,29.09569168,59.69892883,0
1000,21.3,80.6,121.1562117,85.16840015,29.18620682,59.86793518,0
1001,21.7,81.6,100.0306092,86.89772399,29.15000153,59.97122192,0
1002,15.8,81.1,117.036066,100.5590448,29.05948257,59.85228729,0
1003,19,81.3,121.6047826,95.8627728,29.02327728,59.74900436,0
1004,15.1,81.4,85.74948037,95.34426607,29.60258675,58.99471664,0
